{
  "n": 10,
  "n_samples": 500,
  "total_heads": 48,
  "pca_variance_explained": [
    0.06042211875319481,
    0.05661022663116455,
    0.047532204538583755,
    0.04401741176843643,
    0.041500650346279144,
    0.04060507193207741,
    0.03644249588251114,
    0.0344928577542305,
    0.03305008262395859,
    0.03155015408992767,
    0.030580639839172363,
    0.029027434065937996,
    0.027619415894150734,
    0.0270706620067358,
    0.026523742824792862,
    0.025426309555768967,
    0.023874912410974503,
    0.023302916437387466,
    0.022204117849469185,
    0.021392356604337692,
    0.01916663721203804,
    0.01866438426077366,
    0.01825205609202385,
    0.017824716866016388,
    0.017276929691433907,
    0.0156116196885705,
    0.014377094805240631,
    0.014334529638290405,
    0.013603405095636845,
    0.012923317961394787,
    0.012537610717117786,
    0.012317734770476818,
    0.011378237046301365,
    0.011190460994839668,
    0.010908202268183231,
    0.010305317118763924,
    0.009765176102519035,
    0.009202689863741398,
    0.008939671330153942,
    0.00848730094730854,
    0.008035565726459026,
    0.007482669781893492,
    0.00669122627004981,
    0.006524406839162111,
    0.006048313342034817,
    0.005512125790119171,
    0.005010825581848621,
    0.004381965380162001
  ],
  "pca_cumulative": [
    0.06042211875319481,
    0.11703234910964966,
    0.16456454992294312,
    0.20858195424079895,
    0.2500826120376587,
    0.2906876802444458,
    0.32713016867637634,
    0.36162301898002625,
    0.39467310905456543,
    0.4262232780456543,
    0.45680391788482666,
    0.4858313500881195,
    0.5134507417678833,
    0.5405213832855225,
    0.5670451521873474,
    0.5924714803695679,
    0.6163464188575745,
    0.6396493315696716,
    0.6618534326553345,
    0.6832457780838013,
    0.7024124264717102,
    0.7210767865180969,
    0.7393288612365723,
    0.7571535706520081,
    0.774430513381958,
    0.7900421619415283,
    0.8044192790985107,
    0.8187538385391235,
    0.8323572278022766,
    0.8452805280685425,
    0.8578181266784668,
    0.8701358437538147,
    0.8815140724182129,
    0.8927045464515686,
    0.9036127328872681,
    0.9139180779457092,
    0.923683226108551,
    0.9328859448432922,
    0.9418256282806396,
    0.9503129124641418,
    0.9583484530448914,
    0.9658311009407043,
    0.9725223183631897,
    0.9790467023849487,
    0.9850950241088867,
    0.9906071424484253,
    0.9956179857254028,
    0.9999999403953552
  ],
  "n_components_80pct": 27,
  "top_10_correlated": [
    {
      "pair": "L4H5-L5H5",
      "r": 0.6266736457284708
    },
    {
      "pair": "L4H7-L5H7",
      "r": 0.547719015039727
    },
    {
      "pair": "L0H4-L2H1",
      "r": 0.5196513782959403
    },
    {
      "pair": "L4H0-L5H0",
      "r": 0.495234089639123
    },
    {
      "pair": "L3H5-L4H5",
      "r": 0.3840803048818183
    },
    {
      "pair": "L2H4-L3H4",
      "r": 0.36110182405689284
    },
    {
      "pair": "L3H5-L5H5",
      "r": 0.3547163705670323
    },
    {
      "pair": "L2H1-L5H2",
      "r": 0.31183187692997955
    },
    {
      "pair": "L0H7-L1H5",
      "r": 0.30748287762072013
    },
    {
      "pair": "L0H0-L0H3",
      "r": 0.29595693766424935
    }
  ],
  "top_10_anticorrelated": [
    {
      "pair": "L0H1-L1H4",
      "r": -0.24077956477659276
    },
    {
      "pair": "L0H6-L2H2",
      "r": -0.26479822951223403
    },
    {
      "pair": "L1H2-L1H4",
      "r": -0.26569080972309683
    },
    {
      "pair": "L1H0-L1H7",
      "r": -0.28018081206752404
    },
    {
      "pair": "L1H7-L2H0",
      "r": -0.2822334214277888
    },
    {
      "pair": "L5H1-L5H3",
      "r": -0.3091649923843912
    },
    {
      "pair": "L3H3-L3H4",
      "r": -0.32317475515735095
    },
    {
      "pair": "L3H1-L4H1",
      "r": -0.3345280200719515
    },
    {
      "pair": "L1H0-L3H6",
      "r": -0.42509753185646454
    },
    {
      "pair": "L2H0-L4H6",
      "r": -0.43564056353274616
    }
  ]
}