{
  "n": 8,
  "n_samples": 500,
  "total_heads": 48,
  "pca_variance_explained": [
    0.06354563683271408,
    0.05730454623699188,
    0.05489230528473854,
    0.04983162134885788,
    0.04713363200426102,
    0.0454210489988327,
    0.04090551659464836,
    0.04029261693358421,
    0.0368521623313427,
    0.035072483122348785,
    0.03460537642240524,
    0.030885053798556328,
    0.029828840866684914,
    0.02805182710289955,
    0.02627028338611126,
    0.024672212079167366,
    0.024193504825234413,
    0.02291605994105339,
    0.02112209051847458,
    0.019574575126171112,
    0.01922379992902279,
    0.01796545460820198,
    0.016451716423034668,
    0.015815621241927147,
    0.015449940226972103,
    0.014973540790379047,
    0.013301893137395382,
    0.012882499024271965,
    0.01167793944478035,
    0.011245706118643284,
    0.01088667195290327,
    0.01034174207597971,
    0.010077079758048058,
    0.009542787447571754,
    0.00858340784907341,
    0.008371101692318916,
    0.007921568118035793,
    0.0074151307344436646,
    0.006999789737164974,
    0.005616848822683096,
    0.005249047186225653,
    0.004974331706762314,
    0.004630866926163435,
    0.0040132226422429085,
    0.0034624487161636353,
    0.0033997762948274612,
    0.003312007524073124,
    0.002842625370249152
  ],
  "pca_cumulative": [
    0.06354563683271408,
    0.12085018306970596,
    0.1757424920797348,
    0.22557410597801208,
    0.2727077305316925,
    0.318128764629364,
    0.3590342700481415,
    0.399326890707016,
    0.4361790418624878,
    0.471251517534256,
    0.5058568716049194,
    0.5367419123649597,
    0.5665707588195801,
    0.5946226119995117,
    0.6208928823471069,
    0.6455650925636292,
    0.6697586178779602,
    0.6926746964454651,
    0.7137967944145203,
    0.733371376991272,
    0.7525951862335205,
    0.770560622215271,
    0.7870123386383057,
    0.8028279542922974,
    0.818277895450592,
    0.833251416683197,
    0.8465533256530762,
    0.8594357967376709,
    0.8711137175559998,
    0.8823594450950623,
    0.8932461142539978,
    0.9035878777503967,
    0.9136649370193481,
    0.923207700252533,
    0.9317911267280579,
    0.9401622414588928,
    0.9480838179588318,
    0.9554989337921143,
    0.9624987244606018,
    0.9681155681610107,
    0.9733645915985107,
    0.978338897228241,
    0.9829697608947754,
    0.9869830012321472,
    0.9904454350471497,
    0.9938452243804932,
    0.9971572160720825,
    0.9999998211860657
  ],
  "n_components_80pct": 24,
  "top_10_correlated": [
    {
      "pair": "L4H3-L5H3",
      "r": 0.7961219680647371
    },
    {
      "pair": "L4H0-L5H0",
      "r": 0.7490918787929975
    },
    {
      "pair": "L4H2-L5H2",
      "r": 0.7392858102750158
    },
    {
      "pair": "L4H7-L5H7",
      "r": 0.6477610191406501
    },
    {
      "pair": "L4H4-L5H4",
      "r": 0.5263618781908077
    },
    {
      "pair": "L3H5-L4H5",
      "r": 0.4565181108009408
    },
    {
      "pair": "L2H0-L3H0",
      "r": 0.4255457239113507
    },
    {
      "pair": "L0H1-L1H1",
      "r": 0.38782493151621816
    },
    {
      "pair": "L4H1-L5H1",
      "r": 0.37724998502525947
    },
    {
      "pair": "L0H1-L0H5",
      "r": 0.3254240874882776
    }
  ],
  "top_10_anticorrelated": [
    {
      "pair": "L0H1-L2H6",
      "r": -0.28568685677216715
    },
    {
      "pair": "L0H6-L2H3",
      "r": -0.28748098094128904
    },
    {
      "pair": "L0H7-L3H3",
      "r": -0.29327514321546994
    },
    {
      "pair": "L0H5-L3H7",
      "r": -0.30559625671770163
    },
    {
      "pair": "L1H7-L2H0",
      "r": -0.3102049229248973
    },
    {
      "pair": "L1H3-L2H2",
      "r": -0.34001062559565143
    },
    {
      "pair": "L0H5-L1H0",
      "r": -0.3680094380965698
    },
    {
      "pair": "L2H3-L3H7",
      "r": -0.3904506961567725
    },
    {
      "pair": "L0H0-L0H1",
      "r": -0.4061231827090765
    },
    {
      "pair": "L0H3-L3H7",
      "r": -0.43427546924184085
    }
  ]
}