{
  "8": {
    "0": {
      "mean": 0.5376858736130509,
      "std": 0.10705239770488162,
      "min": 0.41579212145450484,
      "max": 0.7341538870073225,
      "per_head": {
        "H0": 0.4334456187337298,
        "H1": 0.6323332344475943,
        "H2": 0.7341538870073225,
        "H3": 0.47838860970249053,
        "H4": 0.41579212145450484,
        "H5": 0.4891592935702568,
        "H6": 0.48291304169746074,
        "H7": 0.635301182291047
      }
    },
    "1": {
      "mean": 0.4113160492604811,
      "std": 0.18516727582236614,
      "min": 0.11804017691151542,
      "max": 0.7477872958778299,
      "per_head": {
        "H0": 0.4842927661501037,
        "H1": 0.5854176465912149,
        "H2": 0.7477872958778299,
        "H3": 0.2461365691993297,
        "H4": 0.11804017691151542,
        "H5": 0.4228219024928674,
        "H6": 0.3796788201905696,
        "H7": 0.30635321667041837
      }
    },
    "2": {
      "mean": 0.3239217958130791,
      "std": 0.13661097296235541,
      "min": 0.061125750428246764,
      "max": 0.5324347433007346,
      "per_head": {
        "H0": 0.442993470867876,
        "H1": 0.2188945489848233,
        "H2": 0.24930352552533142,
        "H3": 0.5324347433007346,
        "H4": 0.061125750428246764,
        "H5": 0.3935067788588656,
        "H6": 0.33889177186818253,
        "H7": 0.3542237766705728
      }
    },
    "3": {
      "mean": 0.3660901142410441,
      "std": 0.18843929709508467,
      "min": 0.13854942921618332,
      "max": 0.6409645965115844,
      "per_head": {
        "H0": 0.6409645965115844,
        "H1": 0.1601983058383772,
        "H2": 0.1473664061757323,
        "H3": 0.5954594519500557,
        "H4": 0.39578277111191784,
        "H5": 0.13854942921618332,
        "H6": 0.48012178158944313,
        "H7": 0.37027817153505893
      }
    },
    "4": {
      "mean": 0.742235404138851,
      "std": 0.14646727120867314,
      "min": 0.49159069165118663,
      "max": 0.9129628624387993,
      "per_head": {
        "H0": 0.8489509449485223,
        "H1": 0.5602055733805756,
        "H2": 0.9129628624387993,
        "H3": 0.8872795630041532,
        "H4": 0.804467983466573,
        "H5": 0.649645035749936,
        "H6": 0.49159069165118663,
        "H7": 0.7827805784710615
      }
    },
    "5": {
      "mean": 0.8763156409892172,
      "std": 0.14410832251769354,
      "min": 0.5079443391155244,
      "max": 0.9781612133661427,
      "per_head": {
        "H0": 0.9435696648774303,
        "H1": 0.9019703636199966,
        "H2": 0.8564030126139123,
        "H3": 0.9781612133661427,
        "H4": 0.9502892374432285,
        "H5": 0.9055073959618628,
        "H6": 0.5079443391155244,
        "H7": 0.9666799009156408
      }
    }
  },
  "10": {
    "0": {
      "mean": 0.32664910922563484,
      "std": 0.09355567394462183,
      "min": 0.18584914260534902,
      "max": 0.4568660760487663,
      "per_head": {
        "H0": 0.4145949887782052,
        "H1": 0.3025060496624383,
        "H2": 0.3310743093723027,
        "H3": 0.4303708838038698,
        "H4": 0.22224389960281027,
        "H5": 0.2696875239313371,
        "H6": 0.18584914260534902,
        "H7": 0.4568660760487663
      }
    },
    "1": {
      "mean": 0.2497585813750276,
      "std": 0.08999078630788097,
      "min": 0.08678221684347079,
      "max": 0.3921748547083114,
      "per_head": {
        "H0": 0.18068013877854758,
        "H1": 0.2295994774563652,
        "H2": 0.08678221684347079,
        "H3": 0.3921748547083114,
        "H4": 0.2719177981638574,
        "H5": 0.3094141773505086,
        "H6": 0.19923843795409255,
        "H7": 0.32826154974506727
      }
    },
    "2": {
      "mean": 0.29352616979437285,
      "std": 0.20652520751047168,
      "min": 0.08115085671462663,
      "max": 0.7797274299898734,
      "per_head": {
        "H0": 0.1429739740950552,
        "H1": 0.13656613516151017,
        "H2": 0.23328297018277178,
        "H3": 0.2623701741329989,
        "H4": 0.35670449740545196,
        "H5": 0.7797274299898734,
        "H6": 0.35543332067269445,
        "H7": 0.08115085671462663
      }
    },
    "3": {
      "mean": 0.33362975778505466,
      "std": 0.30539526510917997,
      "min": 0.01672380025097262,
      "max": 0.837697145218772,
      "per_head": {
        "H0": 0.8074641140309613,
        "H1": 0.01672380025097262,
        "H2": 0.030912057753082346,
        "H3": 0.13053686542789886,
        "H4": 0.1577854382883028,
        "H5": 0.837697145218772,
        "H6": 0.30472619575460413,
        "H7": 0.38319244555584303
      }
    },
    "4": {
      "mean": 0.5703392461419923,
      "std": 0.25803628683650887,
      "min": 0.17486856004054485,
      "max": 0.8897428686350952,
      "per_head": {
        "H0": 0.8872623919080722,
        "H1": 0.4770369796541557,
        "H2": 0.17486856004054485,
        "H3": 0.4426193177513479,
        "H4": 0.44041492044815367,
        "H5": 0.8897428686350952,
        "H6": 0.37453808917113895,
        "H7": 0.8762308415274301
      }
    },
    "5": {
      "mean": 0.8073801579111657,
      "std": 0.1479319017419394,
      "min": 0.4520928575918675,
      "max": 0.9247344031611673,
      "per_head": {
        "H0": 0.9247344031611673,
        "H1": 0.8416304398227464,
        "H2": 0.4520928575918675,
        "H3": 0.8262417821306888,
        "H4": 0.9064350352897098,
        "H5": 0.8858812069127836,
        "H6": 0.717364016016263,
        "H7": 0.9046615223640994
      }
    }
  },
  "15": {
    "0": {
      "mean": 0.5055965049881207,
      "std": 0.13263043712337558,
      "min": 0.29242815224359375,
      "max": 0.733621037380109,
      "per_head": {
        "H0": 0.29242815224359375,
        "H1": 0.4385654964287081,
        "H2": 0.47868212233692653,
        "H3": 0.4632189742640881,
        "H4": 0.5330841776643302,
        "H5": 0.677297163403374,
        "H6": 0.733621037380109,
        "H7": 0.4278749161838361
      }
    },
    "1": {
      "mean": 0.5189808383112674,
      "std": 0.0845945821610566,
      "min": 0.41442910501852925,
      "max": 0.6708560952297704,
      "per_head": {
        "H0": 0.4420138254146223,
        "H1": 0.4865410667252372,
        "H2": 0.591411602001219,
        "H3": 0.6708560952297704,
        "H4": 0.5402031329732017,
        "H5": 0.41442910501852925,
        "H6": 0.5741945339805086,
        "H7": 0.432197345147051
      }
    },
    "2": {
      "mean": 0.5465154589817901,
      "std": 0.12281952208616614,
      "min": 0.3252349961855615,
      "max": 0.6884518561630201,
      "per_head": {
        "H0": 0.6567874953500072,
        "H1": 0.4772526570303499,
        "H2": 0.3252349961855615,
        "H3": 0.6884518561630201,
        "H4": 0.6196396804532908,
        "H5": 0.6095861928201312,
        "H6": 0.5988164866821526,
        "H7": 0.39635430716980774
      }
    },
    "3": {
      "mean": 0.5090477840210805,
      "std": 0.17505473179344436,
      "min": 0.2165372696894151,
      "max": 0.7886370188259961,
      "per_head": {
        "H0": 0.5413287433754763,
        "H1": 0.5180732931365801,
        "H2": 0.7886370188259961,
        "H3": 0.5182547662606923,
        "H4": 0.6608890184310079,
        "H5": 0.2165372696894151,
        "H6": 0.2743057709146415,
        "H7": 0.5543563915348354
      }
    },
    "4": {
      "mean": 0.4718135866212434,
      "std": 0.09632822671666609,
      "min": 0.3327491582814958,
      "max": 0.6230569387403682,
      "per_head": {
        "H0": 0.4721890156783146,
        "H1": 0.44675616620932845,
        "H2": 0.514626213586086,
        "H3": 0.6009109440122644,
        "H4": 0.4017849608642395,
        "H5": 0.3327491582814958,
        "H6": 0.6230569387403682,
        "H7": 0.38243529559785006
      }
    },
    "5": {
      "mean": 0.5224537410801101,
      "std": 0.20127188975842134,
      "min": 0.2662677269383113,
      "max": 0.8981241679726081,
      "per_head": {
        "H0": 0.41949310618922425,
        "H1": 0.3893980606170297,