{
  "0": {
    "loss": [
      0.023443974554538727,
      0.013807922601699829,
      0.01083733607083559,
      0.008735986426472664,
      0.007258976809680462,
      0.0064612384885549545,
      0.00642112223431468,
      0.00558432238176465,
      0.005531840026378632,
      0.004428839311003685,
      0.004171427339315414,
      0.004285795614123344,
      0.004342974629253149,
      0.004214347340166569,
      0.0037151938304305077,
      0.004074862226843834,
      0.003644263371825218,
      0.003576606512069702,
      0.0035488256253302097,
      0.003403949551284313,
      0.003021999029442668,
      0.0031891772523522377,
      0.0031184772960841656,
      0.00306511833332479,
      0.003152033779770136,
      0.002821965143084526,
      0.0029734286945313215,
      0.002965932711958885,
      0.0029216220136731863,
      0.002942952560260892
    ],
    "l0": [
      20.0,
      20.0,
      20.0,
      20.0,
      20.0,
      20.0,
      20.0,
      20.0,
      20.0,
      20.0,
      20.0,
      20.0,
      20.0,
      20.0,
      20.0,
      20.0,
      19.984375,
      19.984375,
      20.0,
      20.0,
      20.0,
      20.0,
      19.9921875,
      20.0,
      20.0,
      20.0,
      20.0,
      19.9921875,
      19.9921875,
      20.0
    ],
    "step": [
      1000,
      2000,
      3000,
      4000,
      5000,
      6000,
      7000,
      8000,
      9000,
      10000,
      11000,
      12000,
      13000,
      14000,
      15000,
      16000,
      17000,
      18000,
      19000,
      20000,
      21000,
      22000,
      23000,
      24000,
      25000,
      26000,
      27000,
      28000,
      29000,
      30000
    ]
  },
  "2": {
    "loss": [
      0.09963858127593994,
      0.0696742981672287,
      0.05678248405456543,
      0.04788553714752197,
      0.04150768369436264,
      0.038834117352962494,
      0.03632289171218872,
      0.0342569425702095,
      0.03204695135354996,
      0.030765026807785034,
      0.029604442417621613,
      0.027257047593593597,
      0.0281691811978817,
      0.0254632830619812,
      0.02606772631406784,
      0.025218429043889046,
      0.02505766786634922,
      0.023696649819612503,
      0.022987401112914085,
      0.02374400943517685,
      0.022894248366355896,
      0.021995488554239273,
      0.022002529352903366,
      0.02208087034523487,
      0.02145613357424736,
      0.020795173943042755,
      0.020421404391527176,
      0.019829584285616875,
      0.020458374172449112,
      0.02013513445854187
    ],
    "l0": [
      20.0,
      20.0,
      20.0,
      20.0,
      20.0,
      20.0,
      20.0,
      20.0,
      20.0,
      20.0,
      20.0,
      20.0,
      20.0,
      20.0,
      20.0,
      20.0,
      20.0,
      20.0,
      20.0,
      20.0,
      20.0,
      20.0,
      20.0,
      20.0,
      20.0,
      20.0,
      20.0,
      20.0,
      20.0,
      20.0
    ],
    "step": [
      1000,
      2000,
      3000,
      4000,
      5000,
      6000,
      7000,
      8000,
      9000,
      10000,
      11000,
      12000,
      13000,
      14000,
      15000,
      16000,
      17000,
      18000,
      19000,
      20000,
      21000,
      22000,
      23000,
      24000,
      25000,
      26000,
      27000,
      28000,
      29000,
      30000
    ]
  },
  "5": {
    "loss": [
      0.09032747149467468,
      0.06796953082084656,
      0.05776446312665939,
      0.05211557447910309,
      0.045161373913288116,
      0.04137716442346573,
      0.04036587476730347,
      0.03607312589883804,
      0.03722149878740311,
      0.034401096403598785,
      0.03276050463318825,
      0.031287312507629395,
      0.031253017485141754,
      0.031058207154273987,
      0.029953669756650925,
      0.030271779745817184,
      0.0288219191133976,
      0.026952184736728668,
      0.02985408529639244,
      0.028083663433790207,
      0.027674516662955284,
      0.02770037204027176,
      0.026832524687051773,
      0.027240155264735222,
      0.026242166757583618,
      0.026003483682870865,
      0.026364343240857124,
      0.024746622890233994,
      0.02573905698955059,
      0.02520698681473732
    ],
    "l0": [
      20.0,
      20.0,
      20.0,
      20.0,
      20.0,
      20.0,
      20.0,
      20.0,
      20.0,
      20.0,
      20.0,
      20.0,
      20.0,
      20.0,
      20.0,
      20.0,
      20.0,
      20.0,
      20.0,
      20.0,
      20.0,
      20.0,
      20.0,
      20.0,
      20.0,
      20.0,
      20.0,
      20.0,
      20.0,
      20.0
    ],
    "step": [
      1000,
      2000,
      3000,
      4000,
      5000,
      6000,
      7000,
      8000,
      9000,
      10000,
      11000,
      12000,
      13000,
      14000,
      15000,
      16000,
      17000,
      18000,
      19000,
      20000,
      21000,
      22000,
      23000,
      24000,
      25000,
      26000,
      27000,
      28000,
      29000,
      30000
    ]
  }
}