{
  "0": {
    "loss": [
      0.04292245954275131,
      0.026789380237460136,
      0.020015275105834007,
      0.014925670810043812,
      0.01425985898822546,
      0.012277521193027496,
      0.010791190899908543,
      0.010412229225039482,
      0.010029302909970284,
      0.009312490932643414,
      0.00830915942788124,
      0.008357806131243706,
      0.0072333924472332,
      0.0072663696482777596,
      0.007336052134633064,
      0.006809641141444445,
      0.006343457847833633,
      0.006665552966296673,
      0.006483765318989754,
      0.00631380919367075,
      0.007189973257482052,
      0.006045767106115818,
      0.006395931821316481,
      0.006778859533369541,
      0.006915286183357239,
      0.0055981893092393875,
      0.005763774737715721,
      0.0055061522871255875,
      0.00619335426017642,
      0.0053190370090305805
    ],
    "l0": [
      20.0,
      20.0,
      20.0,
      20.0,
      20.0,
      20.0,
      20.0,
      20.0,
      20.0,
      20.0,
      20.0,
      20.0,
      20.0,
      20.0,
      20.0,
      20.0,
      20.0,
      20.0,
      20.0,
      19.9921875,
      19.9921875,
      20.0,
      19.9921875,
      20.0,
      20.0,
      19.9921875,
      19.9921875,
      20.0,
      19.984375,
      19.9765625
    ],
    "step": [
      1000,
      2000,
      3000,
      4000,
      5000,
      6000,
      7000,
      8000,
      9000,
      10000,
      11000,
      12000,
      13000,
      14000,
      15000,
      16000,
      17000,
      18000,
      19000,
      20000,
      21000,
      22000,
      23000,
      24000,
      25000,
      26000,
      27000,
      28000,
      29000,
      30000
    ]
  },
  "2": {
    "loss": [
      0.13179618120193481,
      0.10039839893579483,
      0.0838121548295021,
      0.07935696095228195,
      0.06867623329162598,
      0.06524312496185303,
      0.05862165614962578,
      0.05877547711133957,
      0.05819294974207878,
      0.05380968004465103,
      0.05134134739637375,
      0.04952152445912361,
      0.04798676073551178,
      0.04770417511463165,
      0.04696112871170044,
      0.047643691301345825,
      0.047292400151491165,
      0.04287215322256088,
      0.045389145612716675,
      0.04319798946380615,
      0.042615167796611786,
      0.043350011110305786,
      0.043250344693660736,
      0.04183407127857208,
      0.04053136706352234,
      0.04209158197045326,
      0.04111294448375702,
      0.04078739881515503,
      0.03801361098885536,
      0.0377960279583931
    ],
    "l0": [
      20.0,
      20.0,
      20.0,
      20.0,
      20.0,
      20.0,
      20.0,
      20.0,
      20.0,
      20.0,
      20.0,
      20.0,
      20.0,
      20.0,
      20.0,
      20.0,
      20.0,
      20.0,
      20.0,
      20.0,
      20.0,
      20.0,
      20.0,
      20.0,
      20.0,
      20.0,
      20.0,
      20.0,
      20.0,
      20.0
    ],
    "step": [
      1000,
      2000,
      3000,
      4000,
      5000,
      6000,
      7000,
      8000,
      9000,
      10000,
      11000,
      12000,
      13000,
      14000,
      15000,
      16000,
      17000,
      18000,
      19000,
      20000,
      21000,
      22000,
      23000,
      24000,
      25000,
      26000,
      27000,
      28000,
      29000,
      30000
    ]
  },
  "5": {
    "loss": [
      0.1551671326160431,
      0.120336152613163,
      0.10495316237211227,
      0.09642457962036133,
      0.08952465653419495,
      0.08517569303512573,
      0.07984387129545212,
      0.07786594331264496,
      0.07558301836252213,
      0.06893512606620789,
      0.07414104044437408,
      0.06882764399051666,
      0.06687123328447342,
      0.06662210077047348,
      0.06599316745996475,
      0.06478887051343918,
      0.06332077085971832,
      0.06335265934467316,
      0.06227554380893707,
      0.06211940199136734,
      0.06026375666260719,
      0.06219285726547241,
      0.05999533832073212,
      0.05980667099356651,
      0.05720071494579315,
      0.05708334222435951,
      0.057005174458026886,
      0.05832519382238388,
      0.05863465741276741,
      0.058940596878528595
    ],
    "l0": [
      20.0,
      20.0,
      20.0,
      20.0,
      20.0,
      20.0,
      20.0,
      20.0,
      20.0,
      20.0,
      20.0,
      20.0,
      20.0,
      20.0,
      20.0,
      20.0,
      20.0,
      20.0,
      20.0,
      20.0,
      20.0,
      20.0,
      20.0,
      20.0,
      20.0,
      20.0,
      20.0,
      20.0,
      20.0,
      20.0
    ],
    "step": [
      1000,
      2000,
      3000,
      4000,
      5000,
      6000,
      7000,
      8000,
      9000,
      10000,
      11000,
      12000,
      13000,
      14000,
      15000,
      16000,
      17000,
      18000,
      19000,
      20000,
      21000,
      22000,
      23000,
      24000,
      25000,
      26000,
      27000,
      28000,
      29000,
      30000
    ]
  }
}