{
  "profile": [
    1,
    0,
    1,
    0,
    1,
    0,
    1,
    0
  ],
  "T": 8,
  "n_samples": 500,
  "inversion_sequence": [
    0,
    2,
    1,
    4,
    3,
    2,
    6,
    5,
    4,
    3
  ],
  "step_layers": [
    0,
    0,
    1,
    0,
    1,
    2,
    0,
    1,
    2,
    3
  ],
  "layer_to_triples": {
    "0": [
      [
        7,
        0,
        1
      ],
      [
        1,
        2,
        3
      ],
      [
        3,
        4,
        5
      ],
      [
        5,
        6,
        7
      ]
    ],
    "1": [
      [
        0,
        1,
        2
      ],
      [
        2,
        3,
        4
      ],
      [
        4,
        5,
        6
      ]
    ],
    "2": [
      [
        1,
        2,
        3
      ],
      [
        3,
        4,
        5
      ]
    ],
    "3": [
      [
        2,
        3,
        4
      ]
    ]
  },
  "layer_depth_scores": [
    [
      1.1458946055499837,
      1.1703956091466048,
      1.1830683834850788,
      1.2671380215324461
    ],
    [
      1.301016860670643,
      0.8878014809840049,
      1.6404841309413314,
      0.8519281959161162
    ],
    [
      1.0691222611640114,
      1.279122481122613,
      1.3462623721570708,
      1.649662846699357
    ],
    [
      1.1581308633903973,
      1.003820073014746,
      1.3337958613410592,
      0.8861870872788131
    ],
    [
      1.099125187669415,
      0.8853945947873096,
      1.0825429909164086,
      0.7151265731081367
    ],
    [
      0.8877505818381906,
      1.0970173558841148,
      0.8718271260149777,
      1.0892486236989498
    ]
  ],
  "head_scores": {
    "L0H0": [
      1.281969340518117,
      1.7593169411023457,
      1.6864096820354462,
      1.8399513959884644
    ],
    "L0H1": [
      0.9268183596432209,
      1.2744068255027134,
      0.8616355359554291,
      1.0925210863351822
    ],
    "L0H2": [
      0.28917422238737345,
      2.490532699972391,
      0.34990397840738297,
      3.2594212852418423
    ],
    "L0H3": [
      1.089744746685028,
      0.9062197953462601,
      1.4561876133084297,
      1.1256887316703796
    ],
    "L0H4": [
      1.1254852339625359,
      0.8865470538536707,
      0.8208905309438705,
      1.0455264449119568
    ],
    "L0H5": [
      1.1388828977942467,
      1.021004947523276,
      0.9863881319761276,
      0.7939971908926964
    ],
    "L0H6": [
      1.523777760565281,
      0.3715784748395284,
      1.3991999477148056,
      0.44037599861621857
    ],
    "L0H7": [
      1.7913042828440666,
      0.6535581350326538,
      1.9039316475391388,
      0.539622038602829
    ],
    "L1H0": [
      1.7314256159588695,
      0.5785712280000249,
      2.4477569088339806,
      0.6698788478970528
    ],
    "L1H1": [
      0.5919829271733761,
      1.0248620510101318,
      0.6563557833433151,
      0.9952712655067444
    ],
    "L1H2": [
      0.8116088919341564,
      1.3859941164652507,
      0.9546563252806664,
      1.599912166595459
    ],
    "L1H3": [
      1.0093712881207466,
      1.3363363593816757,
      1.2545607835054398,
      1.5032365918159485
    ],
    "L1H4": [
      1.0215292572975159,
      1.2607083072264988,
      1.265800029039383,
      1.0941440761089325
    ],
    "L1H5": [
      1.9186827344819903,
      0.40187246228257817,
      3.4659703597426414,
      0.3015420287847519
    ],
    "L1H6": [
      1.272285908460617,
      0.7832430861890316,
      1.327165275812149,
      0.16462156176567078
    ],
    "L1H7": [
      2.0512482619378716,
      0.33082423731684685,
      1.7516075819730759,
      0.4868190288543701
    ],
    "L2H0": [
      0.4223393304273486,
      1.945353417346875,
      0.6401379555463791,
      3.115537006407976
    ],
    "L2H1": [
      0.5380086284130812,
      2.0058685714999833,
      0.7980808932334185,
      2.991392008960247
    ],
    "L2H2": [
      1.44676997885108,
      0.5110501398642858,
      1.549299642443657,
      0.5373457372188568
    ],
    "L2H3": [
      1.9011442468035966,
      0.17467062547802925,
      3.667659191880375,
      0.10964517667889595
    ],
    "L2H4": [
      1.2716519590467215,
      1.23464638988177,
      1.2779196947813034,
      1.347648024559021
    ],
    "L2H5": [
      1.3623777274042368,
      1.3817618861794472,
      1.2410551980137825,
      1.6171084567904472
    ],
    "L2H6": [
      0.5705820452421904,
      1.7419419959187508,
      0.6011972650885582,
      2.6371237859129906
    ],
    "L2H7": [
      1.0401041731238365,
      1.2376868228117626,
      0.9947491362690926,
      0.8415025770664215
    ],
    "L3H0": [
      0.9660403020679951,
      1.0697425504525502,
      0.8044950291514397,
      0.9707473516464233
    ],
    "L3H1": [
      0.6883543785661459,
      1.7525088290373485,
      1.0896960645914078,
      1.9315215945243835
    ],
    "L3H2": [
      1.7660158146172762,
      0.40191538880268735,
      1.7145861499011517,
      0.26770471036434174
    ],
    "L3H3": [
      1.4454558938741684,
      0.6882616281509399,
      2.3092593029141426,
      0.5570090711116791
    ],
    "L3H4": [
      1.192577064037323,
      1.2092102617025375,
      1.398393377661705,
      1.339301586151123
    ],
    "L3H5": [
      0.7528164922259748,
      0.9285913097361723,
      0.7672214843332767,
      0.14981312677264214
    ],
    "L3H6": [
      1.311236074194312,
      0.7106013198693594,
      1.371907688677311,
      0.3868166208267212
    ],
    "L3H7": [
      1.1425508875399828,
      1.2697292963663738,
      1.2148077934980392,
      1.486582636833191
    ],
    "L4H0": [
      1.1364544779062271,
      0.8748423059781393,
      1.0307283699512482,
      0.7353086471557617
    ],
    "L4H1": [
      0.5950740175321698,
      0.9572602994740009,
      0.5995003841817379,
      0.13331643119454384
    ],
    "L4H2": [
      1.140288332477212,
      1.0701143418749173,
      1.0725033208727837,
      1.0034138783812523
    ],
    "L4H3": [
      1.5736375097185373,
      0.37889166610936326,
      1.5947541743516922,
      0.12306398712098598
    ],
    "L4H4": [
      0.8937280215322971,
      1.1762577692667644,
      0.8341488018631935,
      1.4926154911518097
    ],
    "L4H5": [
      1.475944539066404,
      0.39694362692534924,
      1.4521985659375787,
      0.04598327539861202
    ],
    "L4H6": [
      1.2283828780055046,
      0.9213074942429861,
      1.3982616066932678,
      0.924823522567749
    ],
    "L4H7": [
      0.7494917251169682,
      1.3075392544269562,
      0.6782487034797668,
      1.2624873518943787
    ],
    "L5H0": [
      0.8250264748930931,
      1.1829053958257039,
      0.7373403459787369,
      1.2282572388648987
    ],
    "L5H1": [
      0.5313878394663334,
      1.431710461775462,
      0.5174225717782974,
      1.1749907433986664
    ],
    "L5H2": [
      0.785789467394352,
      1.2388641734917958,
      0.8260078579187393,
      1.373478889465332
    ],
    "L5H3": [
      1.3294181823730469,
      0.684435615936915,
      1.5545765161514282,
      0.7581030577421188
    ],
    "L5H4": [
      0.8006739169359207,
      1.0185129543145497,
      0.7458154074847698,
      0.6764837801456451
    ],
    "L5H5": [
      1.2321624420583248,
      0.7742389192183813,
      1.2033792436122894,
      0.9713969677686691
    ],
    "L5H6": [
      0.928813423961401,
      1.0168235798676808,
      0.7413303256034851,
      0.9103865623474121
    ],
    "L5H7": [
      0.6687329076230526,
      1.4286477466424305,
      0.6487447395920753,
      1.6208917498588562
    ]
  }
}