{
  "model": "pythia-70m",
  "n_samples": 200,
  "seq_len": 128,
  "n_layers": 6,
  "n_heads": 8,
  "total_heads": 48,
  "pca_explained_variance": [
    0.27071032954452373,
    0.11102165225046273,
    0.06151702887213886,
    0.04916092622305348,
    0.0391007785682766,
    0.03616406315055095,
    0.030642353732606705,
    0.027051032028303997,
    0.02578799191063822,
    0.023999372570661353,
    0.02216085971591383,
    0.020809410088398678,
    0.018838294219956007,
    0.01728243177088722,
    0.016301506974577808,
    0.016036911313157105,
    0.014740255675665526,
    0.014239652632639236,
    0.013473633097790443,
    0.012423174380425542,
    0.012023147735512352,
    0.011434459484647191,
    0.0109061245414004,
    0.010189156461214733,
    0.00901573234360602,
    0.00891563551726948,
    0.00837920018517664,
    0.007894234488123228,
    0.0070960614595093705,
    0.0067750892710767875,
    0.006496052290136584,
    0.006025188273277521,
    0.005471420498064828,
    0.0051103146276243695,
    0.004668061490327657,
    0.004455201373126919,
    0.003982371036775369,
    0.00391840043644727,
    0.0036512535299395837,
    0.0035193373548316744,
    0.0032673934988901865,
    0.002803638459348709,
    0.0027488278469291437,
    0.0024852119421213217,
    0.002188955823110173,
    0.001916231200881112,
    0.0016330777082206927,
    0.001568562401782556
  ],
  "pca_cumulative_variance": [
    0.27071032954452373,
    0.38173198179498646,
    0.4432490106671253,
    0.49240993689017876,
    0.5315107154584554,
    0.5676747786090064,
    0.5983171323416131,
    0.625368164369917,
    0.6511561562805552,
    0.6751555288512165,
    0.6973163885671304,
    0.7181257986555291,
    0.736964092875485,
    0.7542465246463722,
    0.77054803162095,
    0.7865849429341071,
    0.8013251986097726,
    0.8155648512424118,
    0.8290384843402023,
    0.8414616587206278,
    0.8534848064561402,
    0.8649192659407874,
    0.8758253904821878,
    0.8860145469434025,
    0.8950302792870085,
    0.903945914804278,
    0.9123251149894547,
    0.9202193494775779,
    0.9273154109370872,
    0.9340905002081641,
    0.9405865524983007,
    0.9466117407715782,
    0.952083161269643,
    0.9571934758972673,
    0.961861537387595,
    0.9663167387607219,
    0.9702991097974972,
    0.9742175102339445,
    0.9778687637638841,
    0.9813881011187158,
    0.9846554946176059,
    0.9874591330769547,
    0.9902079609238837,
    0.9926931728660051,
    0.9948821286891153,
    0.9967983598899964,
    0.9984314375982172,
    0.9999999999999998
  ],
  "n_components_80pct": 17
}