{
  "model": "pythia-70m",
  "data_source": "wikitext-103-raw-v1",
  "n_samples": 107,
  "seq_len": 128,
  "n_layers": 6,
  "n_heads": 8,
  "total_heads": 48,
  "pca_explained_variance": [
    0.17841536378026115,
    0.12564552047785724,
    0.10375836058431986,
    0.08826054283718834,
    0.05636538384670029,
    0.04883742528183037,
    0.0380362261528582,
    0.035459135209457794,
    0.028735768693389622,
    0.02477228817055812,
    0.02341061539399017,
    0.02009772136310261,
    0.018463456759322438,
    0.017313015814072175,
    0.016414153740731834,
    0.015590333322594413,
    0.013687528810126486,
    0.012151827432663449,
    0.011247361465780079,
    0.010907843424325747,
    0.010017397259367084,
    0.009341737992816321,
    0.008738019291305717,
    0.0073997259962649,
    0.006853254996376355,
    0.006767982017827943,
    0.006336601365481575,
    0.005924944055254227,
    0.005381323659206054,
    0.00485937662408227,
    0.0042277316733590415,
    0.003890562619849675,
    0.003779088414619805,
    0.0033776065684075337,
    0.003241487360538986,
    0.0030849343132145833,
    0.0026060037340253136,
    0.0025346820656318024,
    0.0021120370443045793,
    0.0020304626275617407,
    0.0018132011609085482,
    0.0015536844885601921,
    0.0014685329505869026,
    0.0013662697538913185,
    0.0012645274629205575,
    0.001115448073424902,
    0.0008026679166107509,
    0.000540835952470884
  ],
  "pca_cumulative_variance": [
    0.17841536378026115,
    0.3040608842581184,
    0.40781924484243826,
    0.49607978767962657,
    0.5524451715263269,
    0.6012825968081572,
    0.6393188229610154,
    0.6747779581704731,
    0.7035137268638628,
    0.7282860150344209,
    0.7516966304284111,
    0.7717943517915137,
    0.7902578085508362,
    0.8075708243649083,
    0.8239849781056402,
    0.8395753114282346,
    0.8532628402383611,
    0.8654146676710245,
    0.8766620291368046,
    0.8875698725611303,
    0.8975872698204974,
    0.9069290078133138,
    0.9156670271046194,
    0.9230667531008844,
    0.9299200080972607,
    0.9366879901150886,
    0.9430245914805702,
    0.9489495355358244,
    0.9543308591950305,
    0.9591902358191128,
    0.9634179674924718,
    0.9673085301123214,
    0.9710876185269413,
    0.9744652250953488,
    0.9777067124558878,
    0.9807916467691024,
    0.9833976505031277,
    0.9859323325687595,
    0.9880443696130641,
    0.9900748322406259,
    0.9918880334015344,
    0.9934417178900946,
    0.9949102508406815,
    0.9962765205945728,
    0.9975410480574934,
    0.9986564961309183,
    0.9994591640475291,
    1.0
  ],
  "n_components_80pct": 14
}