{
  "model": "pythia-70m",
  "domain": "code",
  "data_source": "Nan-Do/code-search-net-python",
  "n_samples": 200,
  "seq_len": 128,
  "n_layers": 6,
  "n_heads": 8,
  "total_heads": 48,
  "pca_explained_variance": [
    0.20123668329752695,
    0.12205689231907317,
    0.09166302691413113,
    0.062406813094524144,
    0.04841464328157912,
    0.04245654170522172,
    0.03665812451809761,
    0.028784478998478406,
    0.027775997040397047,
    0.026242506165781623,
    0.024680558414157845,
    0.02308625623857337,
    0.02127911823612941,
    0.02078649961142581,
    0.016993744628658804,
    0.015605729595902512,
    0.015292321647480994,
    0.013631172018382817,
    0.012597400522238863,
    0.011527330077156223,
    0.010035813521843094,
    0.00946033124115425,
    0.009111623014627134,
    0.008747860692288414,
    0.008035457311504013,
    0.007708048238454852,
    0.007118150085693106,
    0.0064744320025909765,
    0.006145227484280113,
    0.006017720066797797,
    0.005427095963729344,
    0.005152420844692318,
    0.005101342786466471,
    0.004635336364085528,
    0.004412174203715835,
    0.003934031771162164,
    0.0038143984108006674,
    0.0036073289082900395,
    0.003200229684745462,
    0.003123824948127177,
    0.0028000586504646984,
    0.0026023932015683117,
    0.0024017033912727714,
    0.0022794191284010172,
    0.0019662485880301383,
    0.0014796779770120244,
    0.0011158921512586164,
    0.0009159210420260174
  ],
  "pca_cumulative_variance": [
    0.20123668329752695,
    0.3232935756166001,
    0.41495660253073124,
    0.4773634156252554,
    0.5257780589068345,
    0.5682346006120562,
    0.6048927251301538,
    0.6336772041286322,
    0.6614532011690292,
    0.6876957073348108,
    0.7123762657489686,
    0.735462521987542,
    0.7567416402236714,
    0.7775281398350972,
    0.7945218844637559,
    0.8101276140596585,
    0.8254199357071395,
    0.8390511077255223,
    0.8516485082477612,
    0.8631758383249174,
    0.8732116518467605,
    0.8826719830879147,
    0.8917836061025418,
    0.9005314667948302,
    0.9085669241063342,
    0.916274972344789,
    0.9233931224304821,
    0.9298675544330731,
    0.9360127819173533,
    0.9420305019841511,
    0.9474575979478804,
    0.9526100187925728,
    0.9577113615790392,
    0.9623466979431248,
    0.9667588721468406,
    0.9706929039180028,
    0.9745073023288034,
    0.9781146312370935,
    0.981314860921839,
    0.9844386858699661,
    0.9872387445204308,
    0.9898411377219991,
    0.9922428411132719,
    0.9945222602416729,
    0.9964885088297031,
    0.9979681868067151,
    0.9990840789579737,
    0.9999999999999997
  ],
  "n_components_80pct": 16
}