{
  "model": "pythia-70m",
  "domain": "prose",
  "data_source": "sedthh/gutenberg_english",
  "n_samples": 200,
  "seq_len": 128,
  "n_layers": 6,
  "n_heads": 8,
  "total_heads": 48,
  "pca_explained_variance": [
    0.2377929903506616,
    0.11557825645398313,
    0.08139410436451115,
    0.07346375018988595,
    0.05945229102383229,
    0.03755896664646186,
    0.034401011171379677,
    0.030878910326877645,
    0.027048464068197917,
    0.022667634571705127,
    0.022254044611287598,
    0.01964125915327474,
    0.01761515280834945,
    0.016170416795637105,
    0.015522379553840112,
    0.013212690658712483,
    0.012507339608226822,
    0.011717068495924977,
    0.010803237096856577,
    0.010207326332743879,
    0.00972823506596808,
    0.00941438154486249,
    0.008721774380428697,
    0.008299734464206912,
    0.008100421303369063,
    0.006881861836256683,
    0.006769770533344939,
    0.006574929636127089,
    0.0061595338848256095,
    0.005494442066540561,
    0.005303407255008838,
    0.004997052826748243,
    0.004671490401035769,
    0.004375526259500391,
    0.0042323357480579206,
    0.004133150792007229,
    0.0034239835032071494,
    0.0032907249987991667,
    0.002744034408395448,
    0.002687646959672407,
    0.00253876172343504,
    0.00225931347773281,
    0.002112828804014277,
    0.001984869183294016,
    0.0016203514664474045,
    0.0014198178327983564,
    0.0012699328466101063,
    0.000902392514955324
  ],
  "pca_cumulative_variance": [
    0.2377929903506616,
    0.3533712468046447,
    0.4347653511691559,
    0.5082291013590419,
    0.5676813923828742,
    0.605240359029336,
    0.6396413702007158,
    0.6705202805275934,
    0.6975687445957913,
    0.7202363791674965,
    0.742490423778784,
    0.7621316829320588,
    0.7797468357404083,
    0.7959172525360454,
    0.8114396320898855,
    0.8246523227485979,
    0.8371596623568247,
    0.8488767308527497,
    0.8596799679496063,
    0.8698872942823502,
    0.8796155293483183,
    0.8890299108931808,
    0.8977516852736095,
    0.9060514197378164,
    0.9141518410411855,
    0.9210337028774422,
    0.9278034734107872,
    0.9343784030469142,
    0.9405379369317398,
    0.9460323789982804,
    0.9513357862532893,
    0.9563328390800375,
    0.9610043294810733,
    0.9653798557405737,
    0.9696121914886316,
    0.9737453422806389,
    0.9771693257838461,
    0.9804600507826452,
    0.9832040851910406,
    0.985891732150713,
    0.988430493874148,
    0.9906898073518808,
    0.9928026361558951,
    0.9947875053391891,
    0.9964078568056366,
    0.9978276746384349,
    0.9990976074850451,
    1.0000000000000004
  ],
  "n_components_80pct": 15
}