{
  "model": "pythia-70m",
  "domain": "poetry",
  "data_source": "suayptalha/Poetry-Foundation-Poems",
  "n_samples": 200,
  "seq_len": 128,
  "n_layers": 6,
  "n_heads": 8,
  "total_heads": 48,
  "pca_explained_variance": [
    0.25431565687437696,
    0.14054033464664278,
    0.09244325959800989,
    0.0630247213784856,
    0.044125364447132644,
    0.04244374499671628,
    0.0331787290893312,
    0.02600521733812691,
    0.02501035912542469,
    0.024534272137186196,
    0.02239728885137503,
    0.01845977519489828,
    0.016940721978961685,
    0.01495940669803745,
    0.014444217511258479,
    0.013205053226993968,
    0.011717763276698918,
    0.011428097584036115,
    0.010548295579053967,
    0.010024835875214416,
    0.009230647256763811,
    0.00874854493652461,
    0.00810131652748279,
    0.0069838666273150125,
    0.006788839050565231,
    0.006038302673125298,
    0.005683127503089042,
    0.005237730800667547,
    0.004952114994815676,
    0.004745672018259603,
    0.00412483447940456,
    0.004059207445496795,
    0.0037459222935675206,
    0.003552233916556764,
    0.0034059575567923464,
    0.0029974106567202314,
    0.0028514935459734016,
    0.002722305459087156,
    0.002329927858882627,
    0.0021516853809557266,
    0.0020576658771291135,
    0.0019227591634084725,
    0.0018189005692113632,
    0.0016304108965379837,
    0.0012914733977505337,
    0.0011384797641806948,
    0.0010203611434911471,
    0.0009216927982834661
  ],
  "pca_cumulative_variance": [
    0.25431565687437696,
    0.39485599152101974,
    0.4872992511190296,
    0.5503239724975152,
    0.5944493369446479,
    0.6368930819413642,
    0.6700718110306954,
    0.6960770283688222,
    0.721087387494247,
    0.7456216596314331,
    0.7680189484828082,
    0.7864787236777064,
    0.8034194456566681,
    0.8183788523547055,
    0.832823069865964,
    0.8460281230929579,
    0.8577458863696569,
    0.8691739839536929,
    0.879722279532747,
    0.8897471154079614,
    0.8989777626647252,
    0.9077263076012498,
    0.9158276241287326,
    0.9228114907560476,
    0.9296003298066129,
    0.9356386324797382,
    0.9413217599828273,
    0.9465594907834949,
    0.9515116057783105,
    0.9562572777965701,
    0.9603821122759747,
    0.9644413197214715,
    0.968187242015039,
    0.9717394759315958,
    0.9751454334883881,
    0.9781428441451083,
    0.9809943376910817,
    0.9837166431501688,
    0.9860465710090515,
    0.9881982563900072,
    0.9902559222671363,
    0.9921786814305448,
    0.9939975819997562,
    0.9956279928962942,
    0.9969194662940447,
    0.9980579460582254,
    0.9990783072017165,
    1.0
  ],
  "n_components_80pct": 13
}