{
  "0": {
    "loss": [
      0.17115816473960876,
      0.12071812152862549,
      0.09337727725505829,
      0.10830681025981903,
      0.0860452875494957,
      0.06981854140758514,
      0.07125875353813171,
      0.08735466003417969,
      0.07969345152378082,
      0.0883290022611618,
      0.07124674320220947,
      0.07744549214839935,
      0.06191106513142586,
      0.06452738493680954,
      0.06550995260477066,
      0.05902915447950363,
      0.056153543293476105,
      0.05102970451116562,
      0.06002575904130936,
      0.04695747047662735,
      0.061781805008649826,
      0.05374525859951973,
      0.06959564238786697,
      0.053823072463274,
      0.06302179396152496,
      0.062235500663518906,
      0.05433293431997299,
      0.06649117916822433,
      0.054285239428281784,
      0.058240484446287155,
      0.0587361641228199,
      0.05671583116054535,
      0.05329729989171028,
      0.05558587238192558,
      0.05814481899142265,
      0.05140308290719986,
      0.055195219814777374,
      0.05209251493215561,
      0.0530758798122406,
      0.052924372255802155,
      0.05646665394306183,
      0.0601264089345932,
      0.05333404988050461,
      0.06224444508552551,
      0.05835795775055885,
      0.052738338708877563,
      0.05833513289690018,
      0.05668951943516731,
      0.051864564418792725,
      0.06323343515396118
    ],
    "mse": [
      0.17115816473960876,
      0.12071812152862549,
      0.09337727725505829,
      0.10830681025981903,
      0.0860452875494957,
      0.06981854140758514,
      0.07125875353813171,
      0.08735466003417969,
      0.07969345152378082,
      0.0883290022611618,
      0.07124674320220947,
      0.07744549214839935,
      0.06191106513142586,
      0.06452738493680954,
      0.06550995260477066,
      0.05902915447950363,
      0.056153543293476105,
      0.05102970451116562,
      0.06002575904130936,
      0.04695747047662735,
      0.061781805008649826,
      0.05374525859951973,
      0.06959564238786697,
      0.053823072463274,
      0.06302179396152496,
      0.062235500663518906,
      0.05433293431997299,
      0.06649117916822433,
      0.054285239428281784,
      0.058240484446287155,
      0.0587361641228199,
      0.05671583116054535,
      0.05329729989171028,
      0.05558587238192558,
      0.05814481899142265,
      0.05140308290719986,
      0.055195219814777374,
      0.05209251493215561,
      0.0530758798122406,
      0.052924372255802155,
      0.05646665394306183,
      0.0601264089345932,
      0.05333404988050461,
      0.06224444508552551,
      0.05835795775055885,
      0.052738338708877563,
      0.05833513289690018,
      0.05668951943516731,
      0.051864564418792725,
      0.06323343515396118
    ],
    "l0": [
      50.0,
      50.0,
      50.0,
      50.0,
      50.0,
      50.0,
      50.0,
      50.0,
      50.0,
      50.0,
      50.0,
      50.0,
      50.0,
      50.0,
      50.0,
      50.0,
      50.0,
      50.0,
      50.0,
      50.0,
      50.0,
      50.0,
      50.0,
      50.0,
      50.0,
      50.0,
      50.0,
      50.0,
      50.0,
      50.0,
      50.0,
      50.0,
      50.0,
      50.0,
      50.0,
      50.0,
      50.0,
      50.0,
      50.0,
      50.0,
      50.0,
      50.0,
      50.0,
      50.0,
      50.0,
      50.0,
      50.0,
      50.0,
      50.0,
      50.0
    ],
    "step": [
      1000,
      2000,
      3000,
      4000,
      5000,
      6000,
      7000,
      8000,
      9000,
      10000,
      11000,
      12000,
      13000,
      14000,
      15000,
      16000,
      17000,
      18000,
      19000,
      20000,
      21000,
      22000,
      23000,
      24000,
      25000,
      26000,
      27000,
      28000,
      29000,
      30000,
      31000,
      32000,
      33000,
      34000,
      35000,
      36000,
      37000,
      38000,
      39000,
      40000,
      41000,
      42000,
      43000,
      44000,
      45000,
      46000,
      47000,
      48000,
      49000,
      50000
    ]
  },
  "3": {
    "loss": [
      0.08340403437614441,
      0.06527126580476761,
      0.060977015644311905,
      0.05475442111492157,
      0.05284107103943825,
      0.04995901510119438,
      0.05021478235721588,
      0.0483052060008049,
      0.04508538544178009,
      0.04750967025756836,
      0.04784046858549118,
      0.04738852009177208,
      0.04379798471927643,
      0.04656315967440605,
      0.041354283690452576,
      0.04410015791654587,
      0.04052341729402542,
      0.04202066734433174,
      0.0408562533557415,
      0.04151356220245361,
      0.0407865047454834,
      0.04144725203514099,
      0.03999660536646843,
      0.03914409130811691,
      0.04047054052352905,
      0.037132736295461655,
      0.03942667692899704,
      0.038666218519210815,
      0.037449173629283905,
      0.04152030497789383,
      0.03746069595217705,
      0.0371825248003006,
      0.03992186486721039,
      0.03716272860765457,
      0.04122760146856308,
      0.03532632067799568,
      0.0388985350728035,
      0.03724759817123413,
      0.04239710420370102,
      0.038168784230947495,
      0.040434107184410095,
      0.04081294313073158,
      0.03831525146961212,
      0.037346284836530685,
      0.03811504691839218,
      0.037067070603370667,
      0.037123579531908035,
      0.03933682292699814,
      0.03819985315203667,
      0.03683701902627945
    ],
    "mse": [
      0.08340403437614441,
      0.06527126580476761,
      0.060977015644311905,
      0.05475442111492157,
      0.05284107103943825,
      0.04995901510119438,
      0.05021478235721588,
      0.0483052060008049,
      0.04508538544178009,
      0.04750967025756836,
      0.04784046858549118,
      0.04738852009177208,
      0.04379798471927643,
      0.04656315967440605,
      0.041354283690452576,
      0.04410015791654587,
      0.04052341729402542,
      0.04202066734433174,
      0.0408562533557415,
      0.04151356220245361,
      0.0407865047454834,
      0.04144725203514099,
      0.03999660536646843,
      0.03914409130811691,
      0.04047054052352905,
      0.037132736295461655,
      0.03942667692899704,
      0.038666218519210815,
      0.037449173629283905,
      0.04152030497789383,
      0.03746069595217705,
      0.0371825248003006,
      0.03992186486721039,
      0.03716272860765457,
      0.04122760146856308,
      0.03532632067799568,
      0.0388985350728035,
      0.03724759817123413,
      0.04239710420370102,
      0.038168784230947495,
      0.040434107184410095,
      0.04081294313073158,
      0.03831525146961212,
      0.037346284836530685,
      0.03811504691839218,
      0.037067070603370667,
      0.037123579531908035,
      0.03933682292699814,
      0.03819985315203667,
      0.03683701902627945
    ],
    "l0": [
      50.0,
      50.0,
      50.0,
      50.0,
      50.0,
      50.0,
      50.0,
      50.0,
      50.0,
      50.0,
      50.0,
      50.0,
      50.0,
      50.0,
      50.0,
      50.0,
      50.0,
      50.0,
      50.0,
      50.0,
      50.0,
      50.0,
      50.0,
      50.0,
      50.0,
      50.0,
      50.0,
      50.0,
      50.0,
      50.0,
      50.0,
      50.0,
      50.0,
      50.0,
      50.0,
      50.0,
      49.984375,
      50.0,
      50.0,
      49.921875,
      50.0,
      49.9765625,
      49.9921875,
      49.96875,
      49.953125,
      49.90625,
      49.921875,
      49.9609375,
      49.953125,
      50.0
    ],